{
  "annotations": {
    "list": [
      {
        "builtIn": 1,
        "datasource": "-- Grafana --",
        "enable": true,
        "hide": true,
        "iconColor": "rgba(0, 211, 255, 1)",
        "name": "Annotations & Alerts",
        "type": "dashboard"
      }
    ]
  },
  "editable": true,
  "gnetId": null,
  "graphTooltip": 0,
  "id": 1,
  "links": [
    {
      "icon": "external link",
      "includeVars": false,
      "keepTime": false,
      "tags": [],
      "targetBlank": true,
      "title": "Related article",
      "type": "link",
      "url": "https://medium.com/@redouane.achouri/twitter-sentiment-analysis-a-tale-of-stream-processing-8fd92e19a6e6"
    },
    {
      "icon": "external link",
      "tags": [],
      "targetBlank": true,
      "title": "Find project on GitHub",
      "tooltip": "",
      "type": "link",
      "url": "https://github.com/redouane-dev/twitter-sentiment-analysis"
    }
  ],
  "panels": [
    {
      "circleMaxSize": 30,
      "circleMinSize": 2,
      "colors": [
        "rgba(245, 54, 54, 0.9)",
        "#5794F2"
      ],
      "datasource": "InfluxDB-tweets",
      "decimals": 0,
      "description": "Count of tweets per received location",
      "esMetric": "Count",
      "gridPos": {
        "h": 15,
        "w": 12,
        "x": 0,
        "y": 0
      },
      "hideEmpty": true,
      "hideZero": false,
      "id": 15,
      "initialZoom": 1,
      "locationData": "table",
      "mapCenter": "(0°, 0°)",
      "mapCenterLatitude": 0,
      "mapCenterLongitude": 0,
      "maxDataPoints": 1,
      "mouseWheelZoom": true,
      "options": {},
      "showLegend": false,
      "stickyLabels": false,
      "tableQueryOptions": {
        "geohashField": "geohash",
        "labelField": "country_code",
        "latitudeField": "latitude",
        "longitudeField": "longitude",
        "metricField": "count",
        "queryType": "coordinates"
      },
      "targets": [
        {
          "groupBy": [
            {
              "params": [
                "place_name"
              ],
              "type": "tag"
            },
            {
              "params": [
                "0"
              ],
              "type": "fill"
            }
          ],
          "limit": "",
          "measurement": "languages",
          "orderByTime": "ASC",
          "policy": "default",
          "query": "SELECT mean(\"latitude\") AS \"latitude\", mean(\"longitude\") AS \"longitude\", count(\"id\") AS \"count\" FROM \"languages\" WHERE (\"country_code\" <> '') AND $timeFilter GROUP BY \"country_code\" fill(0)",
          "rawQuery": true,
          "refId": "A",
          "resultFormat": "table",
          "select": [
            [
              {
                "params": [
                  "latitude"
                ],
                "type": "field"
              },
              {
                "params": [],
                "type": "mean"
              },
              {
                "params": [
                  "latitude"
                ],
                "type": "alias"
              }
            ],
            [
              {
                "params": [
                  "longitude"
                ],
                "type": "field"
              },
              {
                "params": [],
                "type": "mean"
              },
              {
                "params": [
                  "longitude"
                ],
                "type": "alias"
              }
            ],
            [
              {
                "params": [
                  "id"
                ],
                "type": "field"
              },
              {
                "params": [],
                "type": "count"
              },
              {
                "params": [
                  "count"
                ],
                "type": "alias"
              }
            ]
          ],
          "tags": [
            {
              "key": "place_name",
              "operator": "=",
              "value": "US"
            }
          ]
        }
      ],
      "thresholds": "0",
      "timeFrom": null,
      "timeShift": null,
      "title": "Tweets Distribution per Country",
      "type": "grafana-worldmap-panel",
      "unitPlural": "tweets",
      "unitSingle": "",
      "unitSingular": "tweet",
      "valueName": "total"
    },
    {
      "circleMaxSize": 30,
      "circleMinSize": 2,
      "colors": [
        "rgba(245, 54, 54, 0.9)",
        "rgba(237, 129, 40, 0.89)"
      ],
      "datasource": "InfluxDB-tweets",
      "decimals": 0,
      "description": "Count of tweets per received location",
      "esMetric": "Count",
      "gridPos": {
        "h": 15,
        "w": 12,
        "x": 12,
        "y": 0
      },
      "hideEmpty": true,
      "hideZero": false,
      "id": 14,
      "initialZoom": "1",
      "locationData": "table",
      "mapCenter": "(0°, 0°)",
      "mapCenterLatitude": 0,
      "mapCenterLongitude": 0,
      "maxDataPoints": 1,
      "mouseWheelZoom": true,
      "options": {},
      "showLegend": false,
      "stickyLabels": false,
      "tableQueryOptions": {
        "geohashField": "geohash",
        "labelField": "place_name",
        "latitudeField": "latitude",
        "longitudeField": "longitude",
        "metricField": "count",
        "queryType": "coordinates"
      },
      "targets": [
        {
          "groupBy": [
            {
              "params": [
                "place_name"
              ],
              "type": "tag"
            },
            {
              "params": [
                "0"
              ],
              "type": "fill"
            }
          ],
          "limit": "",
          "measurement": "languages",
          "orderByTime": "ASC",
          "policy": "default",
          "query": "SELECT mean(\"latitude\") AS \"latitude\", mean(\"longitude\") AS \"longitude\", count(\"id\") AS \"count\" FROM \"languages\" WHERE (\"place_name\" <> '') AND $timeFilter GROUP BY \"place_name\" fill(0)",
          "rawQuery": true,
          "refId": "A",
          "resultFormat": "table",
          "select": [
            [
              {
                "params": [
                  "latitude"
                ],
                "type": "field"
              },
              {
                "params": [],
                "type": "mean"
              },
              {
                "params": [
                  "latitude"
                ],
                "type": "alias"
              }
            ],
            [
              {
                "params": [
                  "longitude"
                ],
                "type": "field"
              },
              {
                "params": [],
                "type": "mean"
              },
              {
                "params": [
                  "longitude"
                ],
                "type": "alias"
              }
            ],
            [
              {
                "params": [
                  "id"
                ],
                "type": "field"
              },
              {
                "params": [],
                "type": "count"
              },
              {
                "params": [
                  "count"
                ],
                "type": "alias"
              }
            ]
          ],
          "tags": [
            {
              "key": "place_name",
              "operator": "=",
              "value": "US"
            }
          ]
        }
      ],
      "thresholds": "0",
      "timeFrom": null,
      "timeShift": null,
      "title": "World Tweets Distribution",
      "type": "grafana-worldmap-panel",
      "unitPlural": "tweets",
      "unitSingle": "",
      "unitSingular": "tweet",
      "valueName": "total"
    },
    {
      "cacheTimeout": null,
      "colorBackground": false,
      "colorPrefix": false,
      "colorValue": false,
      "colors": [
        "#299c46",
        "rgba(237, 129, 40, 0.89)",
        "#d44a3a"
      ],
      "datasource": "InfluxDB-sentiments",
      "description": "Total number of tweets processed during the selected time-frame.",
      "format": "none",
      "gauge": {
        "maxValue": 100,
        "minValue": 0,
        "show": false,
        "thresholdLabels": false,
        "thresholdMarkers": true
      },
      "gridPos": {
        "h": 4,
        "w": 24,
        "x": 0,
        "y": 15
      },
      "id": 10,
      "interval": null,
      "links": [],
      "mappingType": 1,
      "mappingTypes": [
        {
          "name": "value to text",
          "value": 1
        },
        {
          "name": "range to text",
          "value": 2
        }
      ],
      "maxDataPoints": 100,
      "nullPointMode": "connected",
      "nullText": null,
      "options": {},
      "postfix": " tweets",
      "postfixFontSize": "50%",
      "prefix": "Total processed during this period",
      "prefixFontSize": "50%",
      "rangeMaps": [
        {
          "from": "null",
          "text": "N/A",
          "to": "null"
        }
      ],
      "sparkline": {
        "fillColor": "rgba(31, 118, 189, 0.18)",
        "full": true,
        "lineColor": "rgb(31, 120, 193)",
        "show": true,
        "ymax": null,
        "ymin": null
      },
      "tableColumn": "",
      "targets": [
        {
          "groupBy": [
            {
              "params": [
                "$__interval"
              ],
              "type": "time"
            },
            {
              "params": [
                "none"
              ],
              "type": "fill"
            }
          ],
          "measurement": "sentiments",
          "orderByTime": "ASC",
          "policy": "default",
          "refId": "A",
          "resultFormat": "time_series",
          "select": [
            [
              {
                "params": [
                  "id"
                ],
                "type": "field"
              },
              {
                "params": [],
                "type": "count"
              }
            ]
          ],
          "tags": []
        }
      ],
      "thresholds": "",
      "timeFrom": null,
      "timeShift": null,
      "title": "",
      "type": "singlestat",
      "valueFontSize": "80%",
      "valueMaps": [
        {
          "op": "=",
          "text": "N/A",
          "value": "null"
        }
      ],
      "valueName": "total"
    },
    {
      "cacheTimeout": null,
      "colorBackground": false,
      "colorPrefix": false,
      "colorValue": false,
      "colors": [
        "#299c46",
        "rgba(237, 129, 40, 0.89)",
        "#d44a3a"
      ],
      "datasource": "InfluxDB-sentiments",
      "description": "Total count of positive tweets processed during the selected time-frame.",
      "format": "none",
      "gauge": {
        "maxValue": 100,
        "minValue": 0,
        "show": false,
        "thresholdLabels": false,
        "thresholdMarkers": true
      },
      "gridPos": {
        "h": 4,
        "w": 12,
        "x": 0,
        "y": 19
      },
      "id": 11,
      "interval": null,
      "links": [],
      "mappingType": 1,
      "mappingTypes": [
        {
          "name": "value to text",
          "value": 1
        },
        {
          "name": "range to text",
          "value": 2
        }
      ],
      "maxDataPoints": 100,
      "nullPointMode": "connected",
      "nullText": null,
      "options": {},
      "postfix": " tweets",
      "postfixFontSize": "50%",
      "prefix": "Total positives",
      "prefixFontSize": "50%",
      "rangeMaps": [
        {
          "from": "null",
          "text": "N/A",
          "to": "null"
        }
      ],
      "sparkline": {
        "fillColor": "rgba(31, 189, 56, 0.18)",
        "full": true,
        "lineColor": "#56A64B",
        "show": true,
        "ymax": null,
        "ymin": null
      },
      "tableColumn": "",
      "targets": [
        {
          "groupBy": [
            {
              "params": [
                "$__interval"
              ],
              "type": "time"
            },
            {
              "params": [
                "none"
              ],
              "type": "fill"
            }
          ],
          "measurement": "sentiments",
          "orderByTime": "ASC",
          "policy": "default",
          "refId": "A",
          "resultFormat": "time_series",
          "select": [
            [
              {
                "params": [
                  "id"
                ],
                "type": "field"
              },
              {
                "params": [],
                "type": "count"
              }
            ]
          ],
          "tags": [
            {
              "key": "polarity",
              "operator": "=",
              "value": "Positive"
            }
          ]
        }
      ],
      "thresholds": "",
      "timeFrom": null,
      "timeShift": null,
      "title": "",
      "type": "singlestat",
      "valueFontSize": "80%",
      "valueMaps": [
        {
          "op": "=",
          "text": "N/A",
          "value": "null"
        }
      ],
      "valueName": "total"
    },
    {
      "cacheTimeout": null,
      "colorBackground": false,
      "colorPrefix": false,
      "colorValue": false,
      "colors": [
        "#299c46",
        "rgba(237, 129, 40, 0.89)",
        "#d44a3a"
      ],
      "datasource": "InfluxDB-sentiments",
      "description": "Total count of negative tweets processed during the selected time-frame.",
      "format": "none",
      "gauge": {
        "maxValue": 100,
        "minValue": 0,
        "show": false,
        "thresholdLabels": false,
        "thresholdMarkers": true
      },
      "gridPos": {
        "h": 4,
        "w": 12,
        "x": 12,
        "y": 19
      },
      "id": 12,
      "interval": null,
      "links": [],
      "mappingType": 1,
      "mappingTypes": [
        {
          "name": "value to text",
          "value": 1
        },
        {
          "name": "range to text",
          "value": 2
        }
      ],
      "maxDataPoints": 100,
      "nullPointMode": "connected",
      "nullText": null,
      "options": {},
      "postfix": " tweets",
      "postfixFontSize": "50%",
      "prefix": "Total negatives",
      "prefixFontSize": "50%",
      "rangeMaps": [
        {
          "from": "null",
          "text": "N/A",
          "to": "null"
        }
      ],
      "sparkline": {
        "fillColor": "rgba(189, 31, 34, 0.18)",
        "full": true,
        "lineColor": "#E02F44",
        "show": true,
        "ymax": null,
        "ymin": null
      },
      "tableColumn": "",
      "targets": [
        {
          "groupBy": [
            {
              "params": [
                "$__interval"
              ],
              "type": "time"
            },
            {
              "params": [
                "none"
              ],
              "type": "fill"
            }
          ],
          "measurement": "sentiments",
          "orderByTime": "ASC",
          "policy": "default",
          "refId": "A",
          "resultFormat": "time_series",
          "select": [
            [
              {
                "params": [
                  "id"
                ],
                "type": "field"
              },
              {
                "params": [],
                "type": "count"
              }
            ]
          ],
          "tags": [
            {
              "key": "polarity",
              "operator": "=",
              "value": "Negative"
            }
          ]
        }
      ],
      "thresholds": "",
      "timeFrom": null,
      "timeShift": null,
      "title": "",
      "type": "singlestat",
      "valueFontSize": "80%",
      "valueMaps": [
        {
          "op": "=",
          "text": "N/A",
          "value": "null"
        }
      ],
      "valueName": "total"
    },
    {
      "alert": {
        "alertRuleTags": {},
        "conditions": [
          {
            "evaluator": {
              "params": [],
              "type": "no_value"
            },
            "operator": {
              "type": "and"
            },
            "query": {
              "params": [
                "A",
                "5m",
                "now"
              ]
            },
            "reducer": {
              "params": [],
              "type": "count"
            },
            "type": "query"
          }
        ],
        "executionErrorState": "alerting",
        "for": "5m",
        "frequency": "1m",
        "handler": 1,
        "message": "The project <strong>Twitter Sentiment Analysis</strong> is not receiving data anymore.\n\nPossible areas of failure are:\n- Data piping (Kafka, Producer, Consumer)\n- Data storage (InfluxDB)\n- Memory failure (Over-consumption leads containers to stop)\n\nProject is located under `/projects/twitter-sentiment-analysis`. Use command `docker-compose ps` to check containers state.",
        "name": "Tweets counts alert",
        "noDataState": "no_data",
        "notifications": []
      },
      "aliasColors": {},
      "bars": true,
      "dashLength": 10,
      "dashes": false,
      "datasource": "InfluxDB-sentiments",
      "description": "Representation of the number of tweets classified by polarity for a given point it time. Top graph is for positive tweets, and bottom graph is for negatives.",
      "fill": 1,
      "fillGradient": 0,
      "gridPos": {
        "h": 7,
        "w": 24,
        "x": 0,
        "y": 23
      },
      "hiddenSeries": false,
      "id": 2,
      "legend": {
        "avg": false,
        "current": false,
        "max": false,
        "min": false,
        "show": true,
        "total": true,
        "values": true
      },
      "lines": false,
      "linewidth": 1,
      "nullPointMode": "null",
      "options": {
        "dataLinks": [
          {
            "targetBlank": false,
            "title": "",
            "url": ""
          }
        ]
      },
      "percentage": false,
      "pointradius": 2,
      "points": false,
      "renderer": "flot",
      "seriesOverrides": [],
      "spaceLength": 10,
      "stack": false,
      "steppedLine": false,
      "targets": [
        {
          "alias": "Positive counts",
          "groupBy": [
            {
              "params": [
                "$__interval"
              ],
              "type": "time"
            },
            {
              "params": [
                "null"
              ],
              "type": "fill"
            }
          ],
          "measurement": "sentiments",
          "orderByTime": "ASC",
          "policy": "default",
          "refId": "A",
          "resultFormat": "time_series",
          "select": [
            [
              {
                "params": [
                  "id"
                ],
                "type": "field"
              },
              {
                "params": [],
                "type": "count"
              }
            ]
          ],
          "tags": [
            {
              "key": "polarity",
              "operator": "=",
              "value": "Positive"
            }
          ]
        },
        {
          "alias": "Negative counts",
          "groupBy": [
            {
              "params": [
                "$__interval"
              ],
              "type": "time"
            },
            {
              "params": [
                "null"
              ],
              "type": "fill"
            }
          ],
          "measurement": "sentiments",
          "orderByTime": "ASC",
          "policy": "default",
          "refId": "B",
          "resultFormat": "time_series",
          "select": [
            [
              {
                "params": [
                  "id"
                ],
                "type": "field"
              },
              {
                "params": [],
                "type": "count"
              },
              {
                "params": [
                  "*-1"
                ],
                "type": "math"
              }
            ]
          ],
          "tags": [
            {
              "key": "polarity",
              "operator": "=",
              "value": "Negative"
            }
          ]
        }
      ],
      "thresholds": [],
      "timeFrom": null,
      "timeRegions": [],
      "timeShift": null,
      "title": "Polarity Counts",
      "tooltip": {
        "shared": true,
        "sort": 0,
        "value_type": "individual"
      },
      "type": "graph",
      "xaxis": {
        "buckets": null,
        "mode": "time",
        "name": null,
        "show": true,
        "values": []
      },
      "yaxes": [
        {
          "format": "short",
          "label": null,
          "logBase": 1,
          "max": null,
          "min": null,
          "show": true
        },
        {
          "format": "short",
          "label": null,
          "logBase": 1,
          "max": null,
          "min": null,
          "show": false
        }
      ],
      "yaxis": {
        "align": false,
        "alignLevel": null
      }
    },
    {
      "datasource": "InfluxDB-sentiments",
      "description": "Ratio between number of positive tweets vs. negative tweets.",
      "gridPos": {
        "h": 6,
        "w": 7,
        "x": 0,
        "y": 30
      },
      "id": 8,
      "options": {
        "fieldOptions": {
          "calcs": [
            "lastNotNull"
          ],
          "defaults": {
            "decimals": 3,
            "mappings": [],
            "max": 2,
            "min": 0,
            "thresholds": [
              {
                "color": "red",
                "value": null
              },
              {
                "color": "blue",
                "value": 0.8
              },
              {
                "color": "green",
                "value": 1.2
              }
            ]
          },
          "override": {},
          "values": false
        },
        "orientation": "auto",
        "showThresholdLabels": false,
        "showThresholdMarkers": true
      },
      "pluginVersion": "6.5.2",
      "targets": [
        {
          "groupBy": [
            {
              "params": [
                "$__interval"
              ],
              "type": "time"
            },
            {
              "params": [
                "none"
              ],
              "type": "fill"
            }
          ],
          "measurement": "sentiments",
          "orderByTime": "ASC",
          "policy": "default",
          "query": "SELECT \"count_p\" / \"count_n\" FROM (SELECT count(\"id\") AS \"count_p\" FROM \"sentiments\" WHERE \"polarity\" = 'Positive' AND $timeFilter), (SELECT count(\"id\") AS \"count_n\" FROM \"sentiments\" WHERE \"polarity\" = 'Negative' AND $timeFilter) fill(previous)",
          "rawQuery": true,
          "refId": "A",
          "resultFormat": "time_series",
          "select": [
            [
              {
                "params": [
                  "id"
                ],
                "type": "field"
              },
              {
                "params": [],
                "type": "count"
              }
            ]
          ],
          "tags": []
        }
      ],
      "timeFrom": null,
      "timeShift": null,
      "title": "World Positivity Index :-)",
      "type": "gauge"
    },
    {
      "aliasColors": {},
      "breakPoint": "50%",
      "cacheTimeout": null,
      "combine": {
        "label": "Others",
        "threshold": "0.02"
      },
      "datasource": "InfluxDB-tweets",
      "description": "Count of tweets received for each language.",
      "fontSize": "80%",
      "format": "short",
      "gridPos": {
        "h": 6,
        "w": 12,
        "x": 7,
        "y": 30
      },
      "id": 4,
      "interval": null,
      "legend": {
        "header": "",
        "percentage": true,
        "show": true,
        "sort": "current",
        "sortDesc": true,
        "values": true
      },
      "legendType": "Right side",
      "links": [],
      "maxDataPoints": 3,
      "nullPointMode": "connected",
      "options": {},
      "pieType": "donut",
      "strokeWidth": 1,
      "targets": [
        {
          "alias": "$tag_language",
          "groupBy": [
            {
              "params": [
                "$__interval"
              ],
              "type": "time"
            },
            {
              "params": [
                "language"
              ],
              "type": "tag"
            },
            {
              "params": [
                "none"
              ],
              "type": "fill"
            }
          ],
          "measurement": "languages",
          "orderByTime": "ASC",
          "policy": "autogen",
          "query": "SELECT count(\"id\") FROM \"autogen\".\"languages\" WHERE (\"language\" <> 'und') AND $timeFilter GROUP BY time($__interval), \"language\" fill(none)",
          "rawQuery": false,
          "refId": "A",
          "resultFormat": "time_series",
          "select": [
            [
              {
                "params": [
                  "id"
                ],
                "type": "field"
              },
              {
                "params": [],
                "type": "count"
              }
            ]
          ],
          "tags": [
            {
              "key": "language",
              "operator": "<>",
              "value": "und"
            }
          ]
        }
      ],
      "timeFrom": null,
      "timeShift": null,
      "title": "Languages Distribution",
      "type": "grafana-piechart-panel",
      "valueName": "current"
    },
    {
      "aliasColors": {},
      "breakPoint": "50%",
      "cacheTimeout": null,
      "combine": {
        "label": "Others",
        "threshold": 0
      },
      "datasource": "InfluxDB-sentiments",
      "description": "Proportion of positive tweets vs. negative tweets",
      "fontSize": "80%",
      "format": "short",
      "gridPos": {
        "h": 6,
        "w": 5,
        "x": 19,
        "y": 30
      },
      "id": 6,
      "interval": null,
      "legend": {
        "percentage": true,
        "show": true,
        "values": false
      },
      "legendType": "On graph",
      "links": [],
      "maxDataPoints": 3,
      "nullPointMode": "connected",
      "options": {},
      "pieType": "pie",
      "strokeWidth": 1,
      "targets": [
        {
          "alias": "Positive tweets",
          "groupBy": [
            {
              "params": [
                "$__interval"
              ],
              "type": "time"
            },
            {
              "params": [
                "none"
              ],
              "type": "fill"
            }
          ],
          "measurement": "sentiments",
          "orderByTime": "ASC",
          "policy": "default",
          "refId": "A",
          "resultFormat": "time_series",
          "select": [
            [
              {
                "params": [
                  "id"
                ],
                "type": "field"
              },
              {
                "params": [],
                "type": "count"
              }
            ]
          ],
          "tags": [
            {
              "key": "polarity",
              "operator": "=",
              "value": "Positive"
            }
          ]
        },
        {
          "alias": "Negative tweets",
          "groupBy": [
            {
              "params": [
                "$__interval"
              ],
              "type": "time"
            },
            {
              "params": [
                "none"
              ],
              "type": "fill"
            }
          ],
          "measurement": "sentiments",
          "orderByTime": "ASC",
          "policy": "default",
          "refId": "B",
          "resultFormat": "time_series",
          "select": [
            [
              {
                "params": [
                  "id"
                ],
                "type": "field"
              },
              {
                "params": [],
                "type": "count"
              }
            ]
          ],
          "tags": [
            {
              "key": "polarity",
              "operator": "=",
              "value": "Negative"
            }
          ]
        }
      ],
      "timeFrom": null,
      "timeShift": null,
      "title": "Polarity Distribution",
      "type": "grafana-piechart-panel",
      "valueName": "current"
    }
  ],
  "refresh": false,
  "schemaVersion": 21,
  "style": "dark",
  "tags": [],
  "templating": {
    "list": []
  },
  "time": {
    "from": "now-6h",
    "to": "now"
  },
  "timepicker": {
    "refresh_intervals": [
      "30s",
      "1m",
      "5m",
      "15m",
      "30m",
      "1h",
      "2h",
      "1d"
    ]
  },
  "timezone": "",
  "title": "Twitter Sentiment Analysis",
  "uid": "twitter-sentiment-analysis",
  "version": 12
}